{
    "best_model_name": "RandomForestClassifier",
    "best_model_score": 0.9211087420042644,
    "all_models": {
        "LogisticRegression": {
            "train_accuracy": 0.7174145299145299,
            "test_accuracy": 0.7014925373134329,
            "test_weighted_f1": 0.6946599617716361
        },
        "RandomForestClassifier": {
            "train_accuracy": 1.0,
            "test_accuracy": 0.9211087420042644,
            "test_weighted_f1": 0.920847821236029
        },
        "GradientBoostingClassifier": {
            "train_accuracy": 0.9797008547008547,
            "test_accuracy": 0.9168443496801706,
            "test_weighted_f1": 0.9167085853531177
        },
        "ExtraTreesClassifier": {
            "train_accuracy": 1.0,
            "test_accuracy": 0.8997867803837953,
            "test_weighted_f1": 0.8981398117861383
        }
    }
}